Jogador,Time,Posição,Preço (C$),Média (pts),Variação última (C$),Jogos
Biel,Atlético-MG,Atacante,6.46,2.68,-0.02,6
Cadu,Atlético-MG,Atacante,3.0,0.0,0.0,0
Caio Maia,Atlético-MG,Atacante,2.0,0.0,0.0,0
Cuello,Atlético-MG,Atacante,8.98,4.37,1.86,14
Dudu,Atlético-MG,Atacante,7.96,2.25,-0.43,8
Hulk,Atlético-MG,Atacante,14.43,5.94,0.05,17
Isaac,Atlético-MG,Atacante,1.1,0.5,0.0,1
João Marcelo,Atlético-MG,Atacante,3.46,1.51,0.0,7
Júnior Santos,Atlético-MG,Atacante,6.51,2.3,0.0,14
Pedro Ataíde,Atlético-MG,Atacante,1.0,0.0,0.0,0
Rony,Atlético-MG,Atacante,9.61,4.25,-0.22,19
Everson,Atlético-MG,Goleiro,9.0,4.23,0.3,19
Gabriel Delfim,Atlético-MG,Goleiro,2.55,1.9,0.0,1
Gabriel Átila,Atlético-MG,Goleiro,1.0,0.0,0.0,0
Robert,Atlético-MG,Goleiro,1.0,0.0,0.0,0
Caio Paulista,Atlético-MG,Lateral,6.37,3.35,0.0,8
Guilherme Arana,Atlético-MG,Lateral,8.89,3.72,-0.5,9
Natanael,Atlético-MG,Lateral,8.06,5.14,0.21,20
Saravia,Atlético-MG,Lateral,6.02,3.48,0.0,8
Alan Franco,Atlético-MG,Meia,4.49,1.77,-0.04,16
Alexsander,Atlético-MG,Meia,7.55,4.24,-0.33,5
Alisson,Atlético-MG,Meia,4.0,0.0,0.0,0
Bernard,Atlético-MG,Meia,3.46,0.81,0.0,14
David Kauã,Atlético-MG,Meia,1.0,0.0,0.0,0
Fausto Vera,Atlético-MG,Meia,7.08,3.05,0.0,9
Gabriel Menino,Atlético-MG,Meia,5.69,3.02,-0.44,15
Gustavo Scarpa,Atlético-MG,Meia,10.27,3.82,0.53,20
Igor Gomes,Atlético-MG,Meia,5.39,2.84,0.23,18
Mateus Iseppe,Atlético-MG,Meia,2.53,2.0,0.0,1
Patrick,Atlético-MG,Meia,3.24,2.6,0.0,3
Reinier,Atlético-MG,Meia,4.02,0.97,-0.71,3
Zé Phelipe,Atlético-MG,Meia,1.0,0.0,0.0,0
Índio,Atlético-MG,Meia,1.0,0.0,0.0,0
Jorge Sampaoli,Atlético-MG,Técnico,10.37,0.0,0.0,0
Iván Román,Atlético-MG,Zagueiro,3.68,2.95,0.0,4
Junior Alonso,Atlético-MG,Zagueiro,6.83,4.03,0.43,19
Lyanco,Atlético-MG,Zagueiro,8.86,5.46,0.0,12
Ruan,Atlético-MG,Zagueiro,6.04,2.75,0.0,4
Vitor Hugo,Atlético-MG,Zagueiro,6.58,4.2,-0.66,7
Vitão,Atlético-MG,Zagueiro,1.0,0.0,0.0,0
Ademir,Bahia,Atacante,5.21,3.73,0.0,16
Dell,Bahia,Atacante,1.0,0.0,0.0,0
Erick Pulga,Bahia,Atacante,8.61,6.08,-0.28,16
Kauê Furquim,Bahia,Atacante,1.0,0.0,0.0,0
Kayky,Bahia,Atacante,3.11,1.8,0.14,15
Lucho Rodríguez,Bahia,Atacante,6.06,2.3,-0.7,18
Ruan Pablo,Bahia,Atacante,1.35,1.2,0.0,1
Sanabria,Bahia,Atacante,5.39,0.0,-0.61,1
Tiago,Bahia,Atacante,2.62,2.05,-0.53,8
Willian José,Bahia,Atacante,6.7,3.51,0.0,16
Danilo Fernandes,Bahia,Goleiro,4.0,0.0,0.0,0
Dênis Júnior,Bahia,Goleiro,3.0,0.0,0.0,0
João Paulo,Bahia,Goleiro,6.45,-1.0,0.0,0
Ronaldo,Bahia,Goleiro,5.92,4.45,-0.91,10
Gilberto,Bahia,Lateral,7.33,4.13,0.0,15
Iago,Bahia,Lateral,5.4,3.18,0.0,6
Luciano Juba,Bahia,Lateral,9.13,6.36,-2.24,20
Ryan,Bahia,Lateral,2.0,0.0,0.0,0
Santiago Arias,Bahia,Lateral,6.45,3.56,-0.42,9
Zé Guilherme,Bahia,Lateral,3.0,0.0,0.0,0
Acevedo,Bahia,Meia,4.78,2.52,-0.06,15
Caio Alexandre,Bahia,Meia,5.13,2.4,0.0,16
Cauly,Bahia,Meia,5.6,2.2,-0.09,17
David Martins,Bahia,Meia,1.0,0.0,0.0,0
Erick,Bahia,Meia,8.32,3.53,0.0,8
Everton Ribeiro,Bahia,Meia,7.95,4.43,-1.13,18
Jean Lucas,Bahia,Meia,6.46,3.96,0.2,18
Michel Araújo,Bahia,Meia,7.22,3.48,0.0,11
Rezende,Bahia,Meia,3.76,1.9,0.46,3
Rodrigo Nestor,Bahia,Meia,8.25,4.42,2.3,9
Roger,Bahia,Meia,1.0,0.0,0.0,0
Vitinho,Bahia,Meia,1.0,0.0,0.0,0
Rogério Ceni,Bahia,Técnico,9.05,5.65,-0.51,20
David Duarte,Bahia,Zagueiro,4.98,3.08,-0.58,17
Fredi Lippert,Bahia,Zagueiro,1.5,1.7,0.0,1
Gabriel Xavier,Bahia,Zagueiro,6.66,2.82,0.0,4
Kanu,Bahia,Zagueiro,4.58,2.85,0.0,2
Luiz Gustavo,Bahia,Zagueiro,1.8,1.56,0.0,5
Santiago Mingo,Bahia,Zagueiro,4.62,2.69,-0.31,19
Arthur Cabral,Botafogo,Atacante,13.26,7.11,-0.28,8
Artur,Botafogo,Atacante,9.43,4.72,0.57,15
Chris Ramos,Botafogo,Atacante,10.69,16.5,0.0,1
Jeffinho,Botafogo,Atacante,4.98,2.72,1.95,6
Joaquín Correa,Botafogo,Atacante,7.71,1.76,-0.25,9
Mastriani,Botafogo,Atacante,4.2,0.84,0.0,7
Matheus Martins,Botafogo,Atacante,5.88,3.62,0.0,8
Nathan Fernandes,Botafogo,Atacante,5.19,3.14,0.0,9
Cristhian Loor,Botafogo,Goleiro,2.0,0.0,0.0,0
Léo Linck,Botafogo,Goleiro,6.98,6.3,0.0,1
Neto,Botafogo,Goleiro,8.51,3.55,-0.66,2
Raul,Botafogo,Goleiro,2.0,0.0,0.0,0
Alex Telles,Botafogo,Lateral,10.51,5.59,0.0,17
Kaique Pereira,Botafogo,Lateral,1.0,0.0,0.0,0
Marçal,Botafogo,Lateral,8.6,6.42,-0.46,6
Mateo Ponte,Botafogo,Lateral,6.27,3.4,-0.57,12
Vitinho,Botafogo,Lateral,9.84,6.04,0.0,19
Allan,Botafogo,Meia,4.47,2.51,0.0,9
Barrera,Botafogo,Meia,4.79,0.5,0.0,1
Danilo,Botafogo,Meia,9.32,2.82,1.87,5
Huguinho,Botafogo,Meia,2.01,0.5,0.0,1
Marlon Freitas,Botafogo,Meia,5.17,2.33,-0.39,17
Montoro,Botafogo,Meia,9.36,4.65,1.43,9
Newton,Botafogo,Meia,5.44,3.5,1.87,9
Santiago Rodríguez,Botafogo,Meia,6.18,2.8,0.84,12
Savarino,Botafogo,Meia,10.91,4.92,1.21,14
Davide Ancelotti,Botafogo,Técnico,12.37,6.92,0.56,9
Alexander Barboza,Botafogo,Zagueiro,9.28,5.11,0.0,12
Bastos,Botafogo,Zagueiro,11.0,0.0,0.0,0
David Ricardo,Botafogo,Zagueiro,4.34,3.63,-0.22,9
Gabriel Bahia,Botafogo,Zagueiro,3.0,0.0,0.0,0
Kaio,Botafogo,Zagueiro,9.43,5.77,-0.04,6
Kauã Branco,Botafogo,Zagueiro,1.0,0.0,0.0,0
Philipe Sampaio,Botafogo,Zagueiro,3.0,0.0,0.0,0
Athyrson,Bragantino,Atacante,1.0,0.0,0.0,0
Davi Gomes,Bragantino,Atacante,2.93,3.3,-0.88,4
Eduardo Sasha,Bragantino,Atacante,7.42,3.85,-1.22,20
Fernando,Bragantino,Atacante,4.99,1.3,-0.01,1
Henry Mosquera,Bragantino,Atacante,3.43,1.73,0.01,12
Isidro Pitta,Bragantino,Atacante,7.9,3.72,0.0,16
Laquintana,Bragantino,Atacante,6.15,4.67,-2.21,13
Lucas Barbosa,Bragantino,Atacante,7.12,4.11,-0.27,19
Thiago Borbas,Bragantino,Atacante,2.98,1.58,0.0,11
Vinicinho,Bragantino,Atacante,5.65,3.23,0.0,18
Cleiton,Bragantino,Goleiro,7.08,4.28,-0.4,19
Fabrício,Bragantino,Goleiro,2.0,0.0,0.0,0
Fernando Costa,Bragantino,Goleiro,1.0,0.0,0.0,0
Gustavo Reis,Bragantino,Goleiro,1.0,0.0,0.0,0
Lucão,Bragantino,Goleiro,7.15,6.23,0.0,3
Andrés Hurtado,Bragantino,Lateral,6.97,4.51,0.0,16
Cauê,Bragantino,Lateral,2.92,3.25,0.0,2
Guilherme Lopes,Bragantino,Lateral,6.37,3.82,0.0,9
Juninho Capixaba,Bragantino,Lateral,11.57,8.26,0.0,12
Nathan Mendes,Bragantino,Lateral,4.97,2.55,0.13,10
Sant'Anna,Bragantino,Lateral,5.06,2.4,0.0,9
Vanderlan,Bragantino,Lateral,5.78,3.97,0.45,6
Vinícius Lago,Bragantino,Lateral,1.0,0.0,0.0,0
Eric Ramires,Bragantino,Meia,5.41,2.5,-0.09,21
Fabinho,Bragantino,Meia,3.51,1.89,0.33,19
Gabriel,Bragantino,Meia,5.51,3.03,-0.04,19
Gustavinho,Bragantino,Meia,2.12,0.65,0.0,9
Jhon Jhon,Bragantino,Meia,8.17,4.69,-0.23,20
João Neto,Bragantino,Meia,1.0,0.0,0.0,0
Marcelinho,Bragantino,Meia,2.0,0.0,0.0,0
Matheus Fernandes,Bragantino,Meia,4.46,2.02,0.0,9
Praxedes,Bragantino,Meia,4.38,2.17,-0.3,7
Fernando Seabra,Bragantino,Técnico,8.73,5.41,-0.54,22
Alix Vinicius,Bragantino,Zagueiro,4.0,0.0,0.0,0
Boateng,Bragantino,Zagueiro,1.0,0.0,0.0,0
Eduardo Santos,Bragantino,Zagueiro,8.19,5.1,0.0,7
Gustavo Marques,Bragantino,Zagueiro,4.05,1.73,0.12,6
Guzmán Rodríguez,Bragantino,Zagueiro,5.73,3.04,0.25,17
Kevyn,Bragantino,Zagueiro,1.0,0.0,0.0,0
Palacios,Bragantino,Zagueiro,1.7,1.3,0.0,2
Pedro Henrique,Bragantino,Zagueiro,6.94,3.64,0.0,19
Aylon,Ceará,Atacante,5.52,3.33,0.95,13
Fernandinho,Ceará,Atacante,6.11,3.48,0.0,6
Galeano,Ceará,Atacante,6.11,5.18,-0.93,19
Guilherme,Ceará,Atacante,3.29,2.16,0.0,5
Lucca,Ceará,Atacante,3.13,1.4,0.0,4
Paulo Baya,Ceará,Atacante,4.19,2.65,0.0,6
Pedro Henrique,Ceará,Atacante,6.8,3.29,-0.13,13
Pedro Raul,Ceará,Atacante,7.94,3.83,-0.2,18
Bruno Ferreira,Ceará,Goleiro,5.5,3.42,-1.16,13
Fernando Miguel,Ceará,Goleiro,7.02,6.18,0.0,6
Keiller,Ceará,Goleiro,3.0,0.0,0.0,0
Richard,Ceará,Goleiro,4.53,-1.0,0.0,0
Diego,Ceará,Lateral,9.44,5.67,-0.52,19
Fabiano Souza,Ceará,Lateral,7.33,4.41,-0.1,17
Matheus Bahia,Ceará,Lateral,7.98,5.25,0.0,12
Nicolas,Ceará,Lateral,5.27,2.98,-0.68,9
Rafael Ramos,Ceará,Lateral,5.29,3.62,0.0,13
Samuel Barreto,Ceará,Lateral,2.0,0.0,0.0,0
Fernando Sobral,Ceará,Meia,4.1,1.39,0.33,17
Lourenço,Ceará,Meia,4.77,3.21,0.0,16
Lucas Lima,Ceará,Meia,2.65,0.89,0.27,9
Lucas Mugni,Ceará,Meia,6.26,3.25,0.29,17
Matheus Araújo,Ceará,Meia,5.34,2.4,0.0,8
Richardson,Ceará,Meia,2.87,1.17,-0.1,7
Rodriguinho,Ceará,Meia,2.68,0.07,-0.15,3
Vina,Ceará,Meia,7.09,4.4,1.09,1
Vinícius Zanocelo,Ceará,Meia,5.0,0.0,0.0,0
Léo Condé,Ceará,Técnico,8.12,5.29,-0.19,19
Gabriel Lacerda,Ceará,Zagueiro,4.0,0.0,0.0,0
Luiz Otávio,Ceará,Zagueiro,4.0,0.0,0.0,0
Marcos Victor,Ceará,Zagueiro,5.12,4.13,-0.3,3
Marllon,Ceará,Zagueiro,7.35,3.96,0.0,16
Willian Machado,Ceará,Zagueiro,5.21,3.82,0.0,18
Éder,Ceará,Zagueiro,2.82,0.8,-0.08,2
Gui Negão,Corinthians,Atacante,3.2,3.19,-1.28,8
Héctor Hernández,Corinthians,Atacante,4.39,2.18,0.0,9
Kayke,Corinthians,Atacante,1.65,1.5,0.0,4
Memphis Depay,Corinthians,Atacante,13.85,5.95,-0.62,14
Talles Magno,Corinthians,Atacante,5.96,3.12,-0.57,18
Vitinho,Corinthians,Atacante,7.73,2.73,-0.43,3
Yuri Alberto,Corinthians,Atacante,11.44,5.24,0.0,13
Ángel Romero,Corinthians,Atacante,5.29,2.07,0.0,19
Felipe Longo,Corinthians,Goleiro,1.0,0.0,0.0,0
Hugo Souza,Corinthians,Goleiro,8.35,3.43,1.19,17
Kauê,Corinthians,Goleiro,1.0,0.0,0.0,0
Matheus Donelli,Corinthians,Goleiro,4.42,3.08,0.0,5
Angileri,Corinthians,Lateral,5.55,2.89,1.17,14
Gabriel Caipira,Corinthians,Lateral,1.0,0.0,0.0,0
Hugo,Corinthians,Lateral,5.41,2.23,0.0,3
Matheus Bidu,Corinthians,Lateral,10.68,6.52,0.0,13
Matheuzinho,Corinthians,Lateral,10.89,5.72,0.0,17
André,Corinthians,Meia,1.0,0.0,0.0,0
Bahia,Corinthians,Meia,2.65,2.9,0.0,2
Breno Bidon,Corinthians,Meia,7.66,3.75,-0.54,20
Carrillo,Corinthians,Meia,6.96,3.06,0.0,15
Charles,Corinthians,Meia,2.96,1.49,-1.15,11
Dieguinho,Corinthians,Meia,1.73,1.2,0.0,5
Garro,Corinthians,Meia,13.07,3.85,-0.8,11
José Martínez,Corinthians,Meia,4.17,2.28,0.0,14
Maycon,Corinthians,Meia,4.02,2.08,-0.94,13
Raniele,Corinthians,Meia,5.77,3.54,-0.49,18
Ryan,Corinthians,Meia,3.35,1.88,-0.75,10
Dorival Júnior,Corinthians,Técnico,9.89,5.14,-0.73,16
André Ramalho,Corinthians,Zagueiro,5.93,3.43,0.01,16
Cacá,Corinthians,Zagueiro,6.22,3.91,0.02,14
Félix Torres,Corinthians,Zagueiro,6.74,3.72,0.0,9
Gustavo Henrique,Corinthians,Zagueiro,6.71,3.85,-1.32,9
João Pedro,Corinthians,Zagueiro,4.56,3.04,-0.73,5
Arroyo,Cruzeiro,Atacante,6.0,0.0,0.0,0
Bolasie,Cruzeiro,Atacante,3.59,0.91,0.0,10
Gabriel,Cruzeiro,Atacante,6.94,3.36,0.3,17
Kaio Jorge,Cruzeiro,Atacante,14.77,10.28,-1.75,21
Kaique Kenji,Cruzeiro,Atacante,1.09,0.5,0.0,2
Marquinhos,Cruzeiro,Atacante,3.69,1.37,0.0,14
Sinisterra,Cruzeiro,Atacante,7.19,0.0,-0.81,1
Wanderson,Cruzeiro,Atacante,5.06,2.17,-0.76,21
Cássio,Cruzeiro,Goleiro,10.57,5.66,1.34,21
Léo Aragão,Cruzeiro,Goleiro,4.28,6.3,0.0,1
Marcelo Eráclito,Cruzeiro,Goleiro,1.0,0.0,0.0,0
Otávio,Cruzeiro,Goleiro,1.0,0.0,0.0,0
Fagner,Cruzeiro,Lateral,8.51,6.1,0.0,9
Kaiki Bruno,Cruzeiro,Lateral,11.52,7.84,1.06,20
Kauã Moraes,Cruzeiro,Lateral,4.0,0.0,0.0,0
Kauã Prates,Cruzeiro,Lateral,3.75,3.73,0.98,3
William,Cruzeiro,Lateral,15.7,8.64,-0.72,16
Christian,Cruzeiro,Meia,7.38,4.66,0.0,16
Eduardo,Cruzeiro,Meia,3.43,1.54,-0.13,18
Japa,Cruzeiro,Meia,3.0,0.0,0.0,0
Lucas Romero,Cruzeiro,Meia,7.98,4.6,0.27,20
Lucas Silva,Cruzeiro,Meia,4.41,2.37,-0.87,21
Matheus Henrique,Cruzeiro,Meia,6.65,1.94,0.45,8
Matheus Pereira,Cruzeiro,Meia,15.63,8.14,-0.07,20
Murilo Rhikman,Cruzeiro,Meia,0.91,0.0,0.0,1
Ryan Guilherme,Cruzeiro,Meia,3.0,0.0,0.0,0
Walace,Cruzeiro,Meia,3.42,0.64,0.0,8
Leonardo Jardim,Cruzeiro,Técnico,11.09,6.89,0.06,22
Bruno Alves,Cruzeiro,Zagueiro,1.0,0.0,0.0,0
Fabrício Bruno,Cruzeiro,Zagueiro,8.62,4.91,0.41,21
Gamarra,Cruzeiro,Zagueiro,4.83,2.35,0.0,2
Janderson,Cruzeiro,Zagueiro,2.82,5.0,0.0,1
Jonathan Jesus,Cruzeiro,Zagueiro,4.59,2.94,0.0,7
João Marcelo,Cruzeiro,Zagueiro,7.0,0.0,0.0,0
Villalba,Cruzeiro,Zagueiro,8.81,5.9,0.85,19
Bruno Henrique,Flamengo,Atacante,5.64,2.63,-1.27,19
Everton,Flamengo,Atacante,7.27,2.41,0.0,14
Felipe Teresa,Flamengo,Atacante,2.0,0.0,0.0,0
Juninho,Flamengo,Atacante,4.24,1.56,0.0,11
Luiz Araújo,Flamengo,Atacante,8.63,5.35,-1.39,19
Michael,Flamengo,Atacante,8.08,3.89,0.0,10
Pedro,Flamengo,Atacante,17.55,8.48,-2.54,15
Plata,Flamengo,Atacante,7.34,4.89,0.43,14
Samuel Lino,Flamengo,Atacante,17.56,11.64,-3.29,5
Wallace Yan,Flamengo,Atacante,4.75,3.35,0.0,9
Dyogo Alves,Flamengo,Goleiro,3.0,0.0,0.0,0
Léo Nannetti,Flamengo,Goleiro,1.0,0.0,0.0,0
Matheus Cunha,Flamengo,Goleiro,5.0,0.0,0.0,0
Rossi,Flamengo,Goleiro,8.83,5.87,-0.96,21
Alex Sandro,Flamengo,Lateral,10.0,4.48,0.0,13
Ayrton Lucas,Flamengo,Lateral,10.02,6.4,-0.34,8
Carbone,Flamengo,Lateral,2.0,0.0,0.0,0
Daniel Sales,Flamengo,Lateral,2.0,0.0,0.0,0
Emerson Royal,Flamengo,Lateral,8.88,2.7,-1.61,3
Varela,Flamengo,Lateral,7.85,4.93,-1.06,16
Viña,Flamengo,Lateral,8.61,4.5,0.0,5
Allan,Flamengo,Meia,2.04,0.45,0.0,11
Arrascaeta,Flamengo,Meia,18.98,10.05,-1.22,19
Carrascal,Flamengo,Meia,7.44,0.6,0.0,2
De la Cruz,Flamengo,Meia,8.5,2.36,1.13,12
Erick Pulgar,Flamengo,Meia,6.34,2.89,0.0,9
Evertton Araújo,Flamengo,Meia,4.25,2.65,-0.64,11
Guilherme Gomes,Flamengo,Meia,2.0,0.0,0.0,0
Jorginho,Flamengo,Meia,7.1,1.93,0.0,8
Joshua,Flamengo,Meia,2.0,0.0,0.0,0
João Alves,Flamengo,Meia,1.0,0.0,0.0,0
Pablo Lúcio,Flamengo,Meia,1.0,0.0,0.0,0
Rayan Lucas,Flamengo,Meia,2.0,0.0,0.0,0
Saúl,Flamengo,Meia,10.29,3.38,0.34,4
Filipe Luís,Flamengo,Técnico,12.57,7.49,-1.1,21
Cleiton,Flamengo,Zagueiro,4.72,5.0,0.0,1
Danilo,Flamengo,Zagueiro,12.99,5.68,0.0,7
Iago,Flamengo,Zagueiro,2.0,0.0,0.0,0
João Victor,Flamengo,Zagueiro,2.0,0.0,0.0,0
Léo Ortiz,Flamengo,Zagueiro,6.94,5.37,-0.73,20
Léo Pereira,Flamengo,Zagueiro,9.94,5.51,0.17,20
Cano,Fluminense,Atacante,9.03,5.06,-0.28,13
Canobbio,Fluminense,Atacante,7.63,3.99,0.0,14
Everaldo,Fluminense,Atacante,3.65,1.88,0.0,17
John Kennedy,Fluminense,Atacante,6.57,0.2,0.0,3
Keno,Fluminense,Atacante,6.04,3.04,0.0,9
Lavega,Fluminense,Atacante,3.45,0.5,0.0,1
Riquelme Felipe,Fluminense,Atacante,3.81,0.33,0.0,3
Santi Moreno,Fluminense,Atacante,7.34,3.15,0.95,2
Serna,Fluminense,Atacante,6.48,4.04,0.15,17
Soteldo,Fluminense,Atacante,7.03,1.19,-0.02,11
Wesley Natã,Fluminense,Atacante,1.0,0.0,0.0,0
Fábio,Fluminense,Goleiro,8.89,3.37,1.47,20
Marcelo Pitaluga,Fluminense,Goleiro,2.53,-1.0,0.0,0
Vitor Eudes,Fluminense,Goleiro,2.0,0.0,0.0,0
Gabriel Fuentes,Fluminense,Lateral,6.15,2.52,0.0,6
Guga,Fluminense,Lateral,9.51,5.94,1.19,11
Julio Fidélis,Fluminense,Lateral,5.88,12.8,0.0,1
Kaio Borges,Fluminense,Lateral,1.0,0.0,0.0,0
Léo Jance,Fluminense,Lateral,1.0,0.0,0.0,0
Renê,Fluminense,Lateral,10.15,6.48,0.66,13
Samuel Xavier,Fluminense,Lateral,8.3,4.32,0.0,14
Vagno,Fluminense,Lateral,1.0,0.0,0.0,0
Bernal,Fluminense,Meia,5.0,2.27,0.0,11
Ganso,Fluminense,Meia,5.56,1.25,-0.46,13
Hércules,Fluminense,Meia,6.17,2.9,-0.62,17
Lezcano,Fluminense,Meia,4.63,0.83,0.0,3
Lima,Fluminense,Meia,4.68,1.97,0.0,14
Lucho Acosta,Fluminense,Meia,9.57,6.4,-1.33,2
Martinelli,Fluminense,Meia,5.87,2.6,-0.42,19
Nonato,Fluminense,Meia,4.95,2.59,0.0,12
Otávio,Fluminense,Meia,6.14,-0.4,-0.86,1
Thiago Henrique,Fluminense,Meia,1.0,0.0,0.0,0
Wallace Davi,Fluminense,Meia,2.0,0.0,0.0,0
Renato Gaúcho,Fluminense,Técnico,9.73,5.19,0.23,19
Davi Schuindt,Fluminense,Zagueiro,1.24,0.7,0.0,2
Freytes,Fluminense,Zagueiro,4.43,2.57,0.43,18
Gustavo Cintra,Fluminense,Zagueiro,1.0,0.0,0.0,0
Ignácio,Fluminense,Zagueiro,6.64,3.33,0.0,9
Igor Rabello,Fluminense,Zagueiro,6.12,3.96,0.12,5
Loiola,Fluminense,Zagueiro,1.0,0.0,0.0,0
Manoel,Fluminense,Zagueiro,4.56,1.83,0.0,4
Thiago Santos,Fluminense,Zagueiro,6.98,4.35,0.5,7
Thiago Silva,Fluminense,Zagueiro,8.73,2.76,0.29,13
Allanzinho,Fortaleza,Atacante,4.29,2.69,-0.09,7
Bareiro,Fortaleza,Atacante,4.96,1.12,1.47,6
Breno Lopes,Fortaleza,Atacante,6.58,3.8,-0.88,13
Deyverson,Fortaleza,Atacante,5.47,3.04,0.0,14
Herrera,Fortaleza,Atacante,5.52,2.84,0.0,5
Kayke Queiroz,Fortaleza,Atacante,3.0,0.0,0.0,0
Lucero,Fortaleza,Atacante,7.88,2.86,0.61,17
Marinho,Fortaleza,Atacante,6.27,3.34,0.0,12
Moisés,Fortaleza,Atacante,11.49,3.53,0.0,3
Brenno,Fortaleza,Goleiro,4.83,0.8,0.0,1
Helton Leite,Fortaleza,Goleiro,4.66,0.93,-0.64,3
João Ricardo,Fortaleza,Goleiro,8.76,4.75,0.0,11
Magrão,Fortaleza,Goleiro,3.44,2.9,0.0,2
Salvador,Fortaleza,Goleiro,1.0,0.0,0.0,0
Vinicius Silvestre,Fortaleza,Goleiro,6.75,4.4,0.0,2
Bruno Pacheco,Fortaleza,Lateral,8.55,4.25,1.53,4
Diogo Barbosa,Fortaleza,Lateral,7.58,4.01,0.0,9
Mancuso,Fortaleza,Lateral,7.7,3.88,0.15,12
Tinga,Fortaleza,Lateral,8.33,4.11,0.0,10
Weverson,Fortaleza,Lateral,2.29,0.43,0.0,3
Bruninho,Fortaleza,Meia,5.37,9.3,0.0,1
Emmanuel Martínez,Fortaleza,Meia,4.9,2.06,0.0,12
José Welison,Fortaleza,Meia,3.82,1.89,0.0,9
Lucas Crispim,Fortaleza,Meia,5.0,0.0,0.0,0
Lucas Emanoel,Fortaleza,Meia,1.0,0.0,0.0,0
Lucas Sasha,Fortaleza,Meia,7.96,5.51,0.0,14
Lucca Prior,Fortaleza,Meia,5.1,3.55,1.14,10
Matheus Pereira,Fortaleza,Meia,5.16,2.41,0.35,7
Matheus Rossetto,Fortaleza,Meia,3.15,0.82,-0.13,10
Pablo Roberto,Fortaleza,Meia,4.15,0.3,-0.85,2
Pierre,Fortaleza,Meia,3.67,0.2,-0.33,1
Pochettino,Fortaleza,Meia,10.57,5.32,-0.58,11
Rodrigo Santos,Fortaleza,Meia,0.9,0.0,0.0,1
Yago Pikachu,Fortaleza,Meia,5.34,2.67,0.0,16
Yeison Guzmán,Fortaleza,Meia,4.0,0.0,0.0,0
Martín Palermo,Fortaleza,Técnico,9.09,0.0,0.0,0
Brítez,Fortaleza,Zagueiro,5.33,1.46,1.27,5
Cristovam,Fortaleza,Zagueiro,1.0,0.0,0.0,0
Gastón Ávila,Fortaleza,Zagueiro,8.06,3.48,0.26,10
Kuscevic,Fortaleza,Zagueiro,6.58,4.0,0.0,15
Lucas Gazal,Fortaleza,Zagueiro,3.0,0.0,0.0,0
Marcelo Benevenuto,Fortaleza,Zagueiro,5.0,0.0,0.0,0
Alysson,Grêmio,Atacante,5.78,4.51,0.0,15
Amuzu,Grêmio,Atacante,4.43,2.34,0.0,10
André,Grêmio,Atacante,3.4,2.41,-0.06,11
Aravena,Grêmio,Atacante,3.77,2.51,-0.06,13
Braithwaite,Grêmio,Atacante,11.34,4.43,-0.57,16
Carlos Vinícius,Grêmio,Atacante,7.24,0.9,0.07,3
Cristian Olivera,Grêmio,Atacante,9.15,5.21,-0.18,14
Gabriel Mec,Grêmio,Atacante,2.0,0.0,0.0,0
Jardiel,Grêmio,Atacante,0.84,0.17,0.0,3
Jeferson,Grêmio,Atacante,1.0,0.0,0.0,0
Pavón,Grêmio,Atacante,4.83,2.56,-0.55,11
Adriel,Grêmio,Goleiro,3.0,0.0,0.0,0
Gabriel Grando,Grêmio,Goleiro,3.83,-3.0,0.0,0
Jorge Meurer,Grêmio,Goleiro,2.0,0.0,0.0,0
Thiago Beltrame,Grêmio,Goleiro,1.0,0.0,0.0,0
Tiago Volpi,Grêmio,Goleiro,8.04,4.09,0.25,20
Enzo,Grêmio,Lateral,5.0,0.0,0.0,0
João Lucas,Grêmio,Lateral,5.45,2.65,0.0,2
João Pedro,Grêmio,Lateral,5.81,2.43,0.0,6
Lucas Esteves,Grêmio,Lateral,4.65,1.83,0.0,6
Marcos Rocha,Grêmio,Lateral,9.84,7.2,-0.05,3
Marlon,Grêmio,Lateral,8.41,5.49,0.49,15
Alex Santana,Grêmio,Meia,2.96,0.45,0.0,8
Arthur Melo,Grêmio,Meia,10.0,0.0,0.0,0
Camilo,Grêmio,Meia,3.77,1.87,0.0,11
Cristaldo,Grêmio,Meia,6.14,2.16,-0.14,14
Cuéllar,Grêmio,Meia,7.16,4.12,1.49,5
Dodi,Grêmio,Meia,4.26,2.02,0.45,16
Edenílson,Grêmio,Meia,4.86,2.45,-0.26,15
Monsalve,Grêmio,Meia,3.55,1.41,0.0,8
Noriega,Grêmio,Meia,5.84,3.5,0.84,1
Riquelme,Grêmio,Meia,2.84,2.09,0.0,8
Villasanti,Grêmio,Meia,9.45,3.93,0.0,15
Willian,Grêmio,Meia,9.0,0.0,0.0,0
Mano Menezes,Grêmio,Técnico,9.36,5.02,-0.13,16
Balbuena,Grêmio,Zagueiro,8.94,6.33,0.0,3
Gustavo Martins,Grêmio,Zagueiro,8.72,5.72,0.0,6
Jemerson,Grêmio,Zagueiro,4.77,3.2,0.0,9
Kannemann,Grêmio,Zagueiro,5.32,2.93,-1.15,10
Luis Eduardo,Grêmio,Zagueiro,2.0,0.0,0.0,0
Rodrigo Ely,Grêmio,Zagueiro,4.75,0.6,0.0,2
Viery,Grêmio,Zagueiro,2.86,2.35,0.0,2
Wagner Leonardo,Grêmio,Zagueiro,5.97,3.03,-0.82,19
Borré,Internacional,Atacante,9.38,3.86,0.0,16
Carbonero,Internacional,Atacante,5.82,3.77,0.51,10
Enner Valencia,Internacional,Atacante,5.5,1.59,0.34,14
Raykkonen,Internacional,Atacante,0.63,-0.1,0.0,3
Ricardo Mathias,Internacional,Atacante,5.49,3.71,-0.14,10
Vitinho,Internacional,Atacante,6.32,2.66,1.73,12
Anthoni,Internacional,Goleiro,3.31,1.43,0.0,13
Ivan,Internacional,Goleiro,4.0,0.0,0.0,0
Kauan,Internacional,Goleiro,1.0,0.0,0.0,0
Rochet,Internacional,Goleiro,9.71,5.1,-0.49,9
Aguirre,Internacional,Lateral,7.52,4.64,0.01,19
Alan Benítez,Internacional,Lateral,5.79,2.38,0.0,5
Bernabéi,Internacional,Lateral,12.97,5.88,-0.1,16
Bruno Gomes,Internacional,Lateral,6.0,0.0,0.0,0
Luiz Felipe,Internacional,Lateral,1.0,0.0,0.0,0
Pablo,Internacional,Lateral,1.0,0.0,0.0,0
Alan Patrick,Internacional,Meia,14.11,6.63,1.2,15
Alan Rodríguez,Internacional,Meia,5.25,2.58,-0.48,5
Allex,Internacional,Meia,1.0,0.0,0.0,0
Bruno Henrique,Internacional,Meia,5.71,2.53,-0.18,16
Bruno Tabata,Internacional,Meia,7.37,4.48,0.0,16
Gustavo Prado,Internacional,Meia,4.3,2.61,0.18,13
Luis Otávio,Internacional,Meia,2.36,1.7,-0.13,11
Richard,Internacional,Meia,3.98,1.47,0.0,3
Ronaldo,Internacional,Meia,4.2,1.95,0.0,11
Thiago Maia,Internacional,Meia,5.0,2.74,-0.08,17
Yago Noal,Internacional,Meia,1.14,0.6,0.0,2
Óscar Romero,Internacional,Meia,4.5,1.42,-0.21,9
Roger Machado,Internacional,Técnico,9.65,5.11,0.39,21
Clayton Sampaio,Internacional,Zagueiro,4.05,2.93,0.0,6
Juninho,Internacional,Zagueiro,4.62,2.72,0.31,9
Mercado,Internacional,Zagueiro,6.6,2.9,0.0,1
Pedro Kauã,Internacional,Zagueiro,1.0,0.0,0.0,0
Victor Gabriel,Internacional,Zagueiro,9.84,6.29,0.0,8
Vitão,Internacional,Zagueiro,7.29,3.11,0.39,15
Batalla,Juventude,Atacante,6.75,4.16,-0.75,19
Edison Negueba,Juventude,Atacante,3.0,0.0,0.0,0
Emerson Galego,Juventude,Atacante,3.01,1.25,0.0,2
Gabriel Taliari,Juventude,Atacante,8.2,4.54,-0.27,18
Gabriel Veron,Juventude,Atacante,3.25,1.05,-0.53,14
Gilberto,Juventude,Atacante,4.15,2.56,0.0,13
Giovanny,Juventude,Atacante,3.2,1.72,0.0,10
Marlon,Juventude,Atacante,1.11,0.5,0.0,1
Matheus Babi,Juventude,Atacante,3.96,1.96,0.47,12
Rafael Bilu,Juventude,Atacante,4.17,4.0,0.0,1
Rafael Pinna,Juventude,Atacante,1.0,0.0,0.0,0
Ênio,Juventude,Atacante,4.17,2.58,-0.11,14
Guruceaga,Juventude,Goleiro,4.0,0.0,0.0,0
Jandrei,Juventude,Goleiro,7.18,4.87,2.82,3
Ruan Carneiro,Juventude,Goleiro,2.41,2.55,0.0,2
Zé Henrique,Juventude,Goleiro,1.0,0.0,0.0,0
Alan Ruschel,Juventude,Lateral,4.97,2.41,0.0,12
Ewerthon,Juventude,Lateral,6.23,3.34,0.0,12
Igor Formiga,Juventude,Lateral,7.52,8.25,0.54,2
Marcelo Hermes,Juventude,Lateral,7.58,5.04,0.6,9
Marcos Paulo,Juventude,Lateral,3.48,2.08,0.0,10
Reginaldo,Juventude,Lateral,5.39,3.06,1.16,13
Caíque,Juventude,Meia,3.78,1.98,-0.16,13
Dudu Vieira,Juventude,Meia,3.0,0.0,0.0,0
Giraldo,Juventude,Meia,1.74,0.37,-0.36,12
Hudson,Juventude,Meia,0.77,-0.77,0.0,3
Jadson,Juventude,Meia,5.78,3.55,-0.48,19
Lucas Fernandes,Juventude,Meia,5.77,3.0,0.0,1
Luis Mandaca,Juventude,Meia,7.75,5.01,0.27,19
Nenê,Juventude,Meia,5.2,3.38,0.0,11
Peixoto,Juventude,Meia,3.54,2.0,0.0,2
Sforza,Juventude,Meia,4.54,0.85,0.0,2
Thiago Carpini,Juventude,Técnico,7.3,4.34,0.52,16
Abner,Juventude,Zagueiro,5.36,2.34,0.78,13
Bernardo,Juventude,Zagueiro,1.0,0.0,0.0,0
Cipriano,Juventude,Zagueiro,1.82,-2.3,0.0,2
Luan Freitas,Juventude,Zagueiro,6.06,4.9,1.46,2
Natã,Juventude,Zagueiro,2.43,1.35,0.0,2
Rodrigo Sam,Juventude,Zagueiro,4.25,2.04,0.0,5
Wilker Ángel,Juventude,Zagueiro,3.57,1.63,0.7,13
Alesson,Mirassol,Atacante,6.44,3.77,1.0,8
Carlos Eduardo,Mirassol,Atacante,4.82,2.63,1.1,9
Chico da Costa,Mirassol,Atacante,8.99,5.55,1.2,9
Cristian,Mirassol,Atacante,5.34,3.05,0.92,16
Edson Carioca,Mirassol,Atacante,6.91,4.78,-1.11,19
Maceió,Mirassol,Atacante,2.65,0.84,0.0,5
Negueba,Mirassol,Atacante,5.5,4.1,0.58,16
Renato Marques,Mirassol,Atacante,3.0,0.0,0.0,0
Alex Muralha,Mirassol,Goleiro,3.34,2.37,0.0,6
Bruno Bertinato,Mirassol,Goleiro,2.0,0.0,0.0,0
Thomazella,Mirassol,Goleiro,2.0,0.0,0.0,0
Walter,Mirassol,Goleiro,10.72,7.53,-1.5,14
Daniel Borges,Mirassol,Lateral,4.38,3.72,0.0,8
Felipe Jonatan,Mirassol,Lateral,5.24,-0.6,0.0,1
Lucas Ramon,Mirassol,Lateral,10.2,6.59,0.62,18
Reinaldo,Mirassol,Lateral,10.94,7.12,1.27,19
Chico Kim,Mirassol,Meia,4.41,1.97,-0.18,9
Danielzinho,Mirassol,Meia,4.95,2.89,-0.02,19
Gabriel,Mirassol,Meia,6.44,3.07,0.0,15
José Aldo,Mirassol,Meia,3.4,2.17,-0.36,17
Matheus Bianqui,Mirassol,Meia,2.77,0.95,-0.74,9
Matheus Sales,Mirassol,Meia,4.0,0.0,0.0,0
Neto Moura,Mirassol,Meia,4.87,3.21,-0.01,18
Roni,Mirassol,Meia,1.51,0.08,0.0,6
Shaylon,Mirassol,Meia,6.0,0.0,0.0,0
Yago Felipe,Mirassol,Meia,4.31,2.07,0.0,13
Rafael Guanaes,Mirassol,Técnico,8.02,5.71,0.36,20
Gabriel Knesowitsch,Mirassol,Zagueiro,4.63,3.8,0.0,3
Jemmes,Mirassol,Zagueiro,5.3,4.21,-0.48,20
João Victor,Mirassol,Zagueiro,4.15,2.76,0.85,17
Luiz Otávio,Mirassol,Zagueiro,4.0,0.0,0.0,0
Bruno Rodrigues,Palmeiras,Atacante,6.0,0.0,0.0,0
Facundo Torres,Palmeiras,Atacante,9.51,4.25,0.02,18
Flaco López,Palmeiras,Atacante,9.54,5.95,-1.88,18
Luighi,Palmeiras,Atacante,2.95,1.05,0.0,6
Paulinho,Palmeiras,Atacante,5.0,1.03,0.0,7
Ramón Sosa,Palmeiras,Atacante,5.91,2.05,-0.12,8
Riquelme Fillipi,Palmeiras,Atacante,0.92,0.0,0.0,1
Vitor Roque,Palmeiras,Atacante,12.7,6.46,0.21,19
Carlos Miguel,Palmeiras,Goleiro,6.0,0.0,0.0,0
Luiz Sá,Palmeiras,Goleiro,1.0,0.0,0.0,0
Marcelo Lomba,Palmeiras,Goleiro,7.63,3.2,0.0,1
Wanderson Aranha,Palmeiras,Goleiro,1.0,0.0,0.0,0
Weverton,Palmeiras,Goleiro,7.97,4.58,-0.74,19
Arthur,Palmeiras,Lateral,1.0,0.0,0.0,0
Giay,Palmeiras,Lateral,9.18,5.96,0.0,17
Jefté,Palmeiras,Lateral,6.51,5.5,0.0,1
Khellven,Palmeiras,Lateral,7.02,3.88,-0.8,4
Piquerez,Palmeiras,Lateral,11.25,6.22,-1.16,19
Allan,Palmeiras,Meia,4.3,2.75,0.0,13
Andreas Pereira,Palmeiras,Meia,13.0,0.0,0.0,0
Aníbal Moreno,Palmeiras,Meia,4.88,2.55,0.29,15
Belé,Palmeiras,Meia,2.0,0.0,0.0,0
Emiliano Martínez,Palmeiras,Meia,5.47,3.43,0.0,16
Felipe Anderson,Palmeiras,Meia,7.53,4.38,0.27,15
Figueiredo,Palmeiras,Meia,2.0,0.0,0.0,0
Lucas Evangelista,Palmeiras,Meia,6.23,3.21,0.27,16
Maurício,Palmeiras,Meia,8.84,4.2,-0.58,15
Rafael Coutinho,Palmeiras,Meia,1.0,0.0,0.0,0
Raphael Veiga,Palmeiras,Meia,10.89,2.25,0.0,10
Abel Ferreira,Palmeiras,Técnico,11.86,6.5,-0.86,20
Benedetti,Palmeiras,Zagueiro,2.61,1.6,0.0,2
Bruno Fuchs,Palmeiras,Zagueiro,7.12,4.82,-0.84,12
Gustavo Gómez,Palmeiras,Zagueiro,8.77,4.94,-2.01,16
Micael,Palmeiras,Zagueiro,4.18,2.19,0.0,9
Murilo,Palmeiras,Zagueiro,7.53,3.5,-0.75,7
Caballero,Santos,Atacante,6.26,4.0,0.3,6
Guilherme,Santos,Atacante,9.4,6.87,-0.96,15
Lautaro Díaz,Santos,Atacante,3.07,0.2,0.0,6
Padula,Santos,Atacante,1.0,0.0,0.0,0
Robinho Jr.,Santos,Atacante,2.59,1.6,0.0,3
Tiquinho Soares,Santos,Atacante,7.4,2.85,-0.04,17
Diógenes,Santos,Goleiro,2.0,0.0,0.0,0
Gabriel Brazão,Santos,Goleiro,6.99,4.7,0.67,21
Escobar,Santos,Lateral,9.63,4.96,0.96,19
Igor Vinícius,Santos,Lateral,7.25,3.24,1.36,9
JP Chermont,Santos,Lateral,6.05,4.28,0.0,5
Mayke,Santos,Lateral,7.75,3.29,1.08,8
Souza,Santos,Lateral,7.37,4.86,0.0,11
Vinicius Lira,Santos,Lateral,3.0,0.0,0.0,0
Barreal,Santos,Meia,9.66,6.29,-0.41,18
Gabriel Bontempo,Santos,Meia,5.32,3.18,0.0,18
Gustavo Henrique,Santos,Meia,1.0,0.0,0.0,0
Hyan,Santos,Meia,1.19,0.7,0.0,2
João Schmidt,Santos,Meia,4.73,1.96,0.51,15
Mateus Xavier,Santos,Meia,1.0,0.5,0.0,3
Miguelito,Santos,Meia,3.0,0.0,0.0,0
Neymar,Santos,Meia,14.39,5.0,0.19,12
Rincón,Santos,Meia,3.46,0.96,0.4,13
Rollheiser,Santos,Meia,6.84,2.29,1.09,20
Thaciano,Santos,Meia,5.1,2.16,0.0,11
Victor Hugo,Santos,Meia,4.23,1.5,0.0,1
Willian Arão,Santos,Meia,7.19,-0.3,0.0,1
Zé Rafael,Santos,Meia,7.6,3.57,0.34,12
Juan Vojvoda,Santos,Técnico,10.57,5.21,0.59,13
Adonis Frías,Santos,Zagueiro,6.0,0.0,0.0,0
Alexis Duarte,Santos,Zagueiro,6.0,0.0,0.0,0
João Alencar,Santos,Zagueiro,1.0,0.0,0.0,0
João Ananias,Santos,Zagueiro,1.0,0.0,0.0,0
João Basso,Santos,Zagueiro,7.74,4.42,0.0,6
Luan Peres,Santos,Zagueiro,5.57,2.5,0.85,13
Luisão,Santos,Zagueiro,4.78,2.45,0.0,6
Zé Ivaldo,Santos,Zagueiro,7.35,4.37,0.46,13
Chrystian Barletta,Sport,Atacante,6.05,3.85,0.21,20
Derik Lacerda,Sport,Atacante,7.07,5.37,-1.43,7
Gonçalo Paciência,Sport,Atacante,5.5,0.58,0.0,4
Ignacio Ramírez,Sport,Atacante,2.38,0.92,0.0,5
Léo Pereira,Sport,Atacante,4.39,3.05,-0.04,11
Micael,Sport,Atacante,1.0,0.0,0.0,0
Pablo,Sport,Atacante,5.48,2.35,-0.34,11
Romarinho,Sport,Atacante,3.57,2.24,-0.01,10
Zé Roberto,Sport,Atacante,6.0,0.0,0.0,0
Adriano,Sport,Goleiro,1.0,0.0,0.0,0
Caíque França,Sport,Goleiro,6.53,3.52,0.0,12
Davi,Sport,Goleiro,2.0,0.0,0.0,0
Gabriel,Sport,Goleiro,5.13,3.98,-0.13,9
Aderlan,Sport,Lateral,5.17,2.6,-0.21,4
Cauã Berrío,Sport,Lateral,1.0,0.0,0.0,0
Felipinho,Sport,Lateral,3.0,0.0,0.0,0
Hereda,Sport,Lateral,5.91,4.79,0.0,11
Igor Cariús,Sport,Lateral,8.06,4.97,0.0,15
Kevyson,Sport,Lateral,1.9,1.07,-0.12,7
Luan Cândido,Sport,Lateral,7.0,0.0,0.0,0
Matheus Alexandre,Sport,Lateral,6.63,3.83,1.72,13
Victor Hugo,Sport,Lateral,1.0,0.0,0.0,0
Adriel,Sport,Meia,1.0,0.0,0.0,0
Atencio,Sport,Meia,3.18,0.91,-0.11,12
Breno,Sport,Meia,2.0,0.0,0.0,0
Dedé,Sport,Meia,1.0,0.0,0.0,0
Gago,Sport,Meia,1.0,0.0,0.0,0
Hyoran,Sport,Meia,3.22,-0.57,0.0,3
Jefinho,Sport,Meia,1.99,2.8,0.0,1
Lucas Kal,Sport,Meia,5.0,0.0,0.0,0
Lucas Lima,Sport,Meia,7.64,4.1,1.6,18
Matheusinho,Sport,Meia,7.74,5.23,0.02,8
Pedro Augusto,Sport,Meia,1.28,0.38,0.0,7
Rivera,Sport,Meia,4.35,2.69,-0.18,18
Sérgio Oliveira,Sport,Meia,8.59,4.6,0.0,8
Zé Lucas,Sport,Meia,5.7,3.36,0.18,17
Daniel Paulista,Sport,Técnico,8.08,4.96,0.42,9
Felype Gabriel,Sport,Zagueiro,1.0,0.0,0.0,0
João Silva,Sport,Zagueiro,4.76,2.71,0.7,11
Lucas Cunha,Sport,Zagueiro,3.6,1.42,0.0,6
Rafael Thyere,Sport,Zagueiro,6.09,3.69,0.0,8
Rafinha,Sport,Zagueiro,1.0,0.0,0.0,0
Ramon Menezes,Sport,Zagueiro,7.74,4.26,0.93,8
Renzo,Sport,Zagueiro,3.0,0.0,0.0,0
Riquelme,Sport,Zagueiro,1.0,0.0,0.0,0
André Silva,São Paulo,Atacante,6.73,4.32,0.0,19
Calleri,São Paulo,Atacante,5.78,-0.77,0.0,3
Dinenno,São Paulo,Atacante,4.58,1.02,-0.1,5
Ferreira,São Paulo,Atacante,8.41,4.71,-0.09,16
Henrique,São Paulo,Atacante,2.15,2.3,-0.67,3
Lucca,São Paulo,Atacante,1.47,1.0,0.0,3
Luciano,São Paulo,Atacante,9.29,5.71,-0.02,18
Paulinho,São Paulo,Atacante,1.0,0.0,0.0,0
Rigoni,São Paulo,Atacante,5.0,0.0,0.0,0
Ryan Francisco,São Paulo,Atacante,3.62,2.69,0.0,7
Tapia,São Paulo,Atacante,5.57,3.0,-1.17,6
João Pedro,São Paulo,Goleiro,1.0,0.0,0.0,0
Leandro,São Paulo,Goleiro,2.0,0.0,0.0,0
Rafael,São Paulo,Goleiro,9.78,4.45,0.24,20
Young,São Paulo,Goleiro,2.04,0.6,0.0,1
Cédric Soares,São Paulo,Lateral,6.84,3.28,-1.05,18
Enzo Díaz,São Paulo,Lateral,10.11,5.82,0.0,18
Maik,São Paulo,Lateral,6.35,9.1,0.0,2
Maílton,São Paulo,Lateral,5.0,0.0,0.0,0
Nicolas,São Paulo,Lateral,1.0,0.0,0.0,0
Patryck,São Paulo,Lateral,5.61,3.43,-0.2,3
Wendell,São Paulo,Lateral,9.1,4.78,-0.5,11
Alisson,São Paulo,Meia,4.64,1.86,0.0,16
Bobadilla,São Paulo,Meia,5.79,4.27,-1.3,17
Felipe Negrucci,São Paulo,Meia,2.0,0.0,0.0,0
Luan Vinícius,São Paulo,Meia,3.72,0.78,0.0,4
Lucas Moura,São Paulo,Meia,7.77,6.45,0.0,2
Luiz Gustavo,São Paulo,Meia,10.73,9.6,0.0,1
Marcos Antônio,São Paulo,Meia,3.8,2.07,0.0,16
Oscar,São Paulo,Meia,11.39,1.67,0.0,6
Pablo Maia,São Paulo,Meia,4.41,1.75,-1.82,13
Pedro Ferreira,São Paulo,Meia,1.0,0.0,0.0,0
Rodriguinho,São Paulo,Meia,2.53,1.97,-0.11,12
Hernán Crespo,São Paulo,Técnico,10.54,7.11,-1.05,10
Alan Franco,São Paulo,Zagueiro,5.73,2.5,-0.59,16
Arboleda,São Paulo,Zagueiro,10.16,5.9,0.0,13
Ferraresi,São Paulo,Zagueiro,9.01,6.78,-1.74,17
Igão,São Paulo,Zagueiro,2.0,0.0,0.0,0
Rafael Tolói,São Paulo,Zagueiro,7.0,0.0,0.0,0
Sabino,São Paulo,Zagueiro,5.79,3.64,-0.34,16
Alex Teixeira,Vasco,Atacante,2.47,0.66,0.0,8
Andrés Gómez,Vasco,Atacante,8.83,4.6,0.0,1
David,Vasco,Atacante,6.41,4.08,-0.08,8
GB,Vasco,Atacante,1.58,0.4,0.0,3
Garré,Vasco,Atacante,1.83,0.02,0.0,8
Loide Augusto,Vasco,Atacante,2.81,0.83,0.0,10
Léo Jacó,Vasco,Atacante,1.45,1.4,0.0,1
Matheus França,Vasco,Atacante,8.55,1.2,-0.45,1
Nuno Moreira,Vasco,Atacante,9.76,5.23,2.12,19
Rayan,Vasco,Atacante,8.06,6.46,-1.93,18
Vegetti,Vasco,Atacante,15.9,7.94,0.13,17
Daniel Fuzato,Vasco,Goleiro,2.04,-0.7,0.0,2
Léo Jardim,Vasco,Goleiro,6.6,2.95,-0.34,18
Pablo,Vasco,Goleiro,1.0,0.0,0.0,0
Phillipe Gabriel,Vasco,Goleiro,1.0,0.0,0.0,0
Avellar,Vasco,Lateral,1.0,0.0,0.0,0
Breno Vereza,Vasco,Lateral,1.0,0.0,0.0,0
Leandrinho,Vasco,Lateral,2.0,0.0,0.0,0
Lucas Piton,Vasco,Lateral,7.74,4.25,0.52,17
Paulo Henrique,Vasco,Lateral,13.13,7.65,0.0,14
Paulo Ricardo,Vasco,Lateral,2.0,0.0,0.0,0
Puma Rodríguez,Vasco,Lateral,6.14,3.88,1.1,10
Victor Luis,Vasco,Lateral,3.34,0.57,0.0,3
Adson,Vasco,Meia,3.01,0.85,0.0,9
Barros,Vasco,Meia,5.61,2.9,1.11,2
Guilherme Estrella,Vasco,Meia,3.0,0.0,0.0,0
Hugo Moura,Vasco,Meia,4.56,2.24,-0.58,18
JP,Vasco,Meia,2.0,0.0,0.0,0
Jair,Vasco,Meia,4.63,2.07,-0.63,10
Jean David,Vasco,Meia,3.0,0.0,0.0,0
Lukas Zuccarello,Vasco,Meia,1.9,0.6,0.0,2
Mateus Carvalho,Vasco,Meia,3.68,1.2,0.1,10
Paulinho,Vasco,Meia,4.3,0.69,0.0,7
Philippe Coutinho,Vasco,Meia,10.74,4.84,1.41,14
Tchê Tchê,Vasco,Meia,3.64,1.48,0.0,16
Thiago Mendes,Vasco,Meia,4.96,0.2,0.0,3
Fernando Diniz,Vasco,Técnico,9.76,5.36,0.35,12
Carlos Cuesta,Vasco,Zagueiro,8.0,0.0,0.0,0
Lucas Freitas,Vasco,Zagueiro,4.14,2.48,-0.4,15
Lucas Oliveira,Vasco,Zagueiro,4.79,2.5,-0.77,2
Mauricio Lemos,Vasco,Zagueiro,5.2,1.93,0.0,4
Robert Renan,Vasco,Zagueiro,7.0,0.0,0.0,0
Cantalapiedra,Vitória,Atacante,5.78,3.4,0.18,4
Carlinhos,Vitória,Atacante,4.71,2.02,0.14,4
Erick,Vitória,Atacante,7.6,4.82,1.14,16
Fabri,Vitória,Atacante,4.2,2.1,0.59,14
Kauan Vitor,Vitória,Atacante,1.0,0.0,0.0,0
Lucas Braga,Vitória,Atacante,4.71,2.23,0.0,14
Osvaldo,Vitória,Atacante,4.86,2.45,1.22,16
Renato Kayzer,Vitória,Atacante,9.85,5.89,0.22,15
Renzo López,Vitória,Atacante,4.96,1.98,0.0,8
Romarinho,Vitória,Atacante,8.4,5.3,0.0,1
Wendell,Vitória,Atacante,1.83,2.5,0.0,1
Davi Barbosa,Vitória,Goleiro,1.0,0.0,0.0,0
Fintelman,Vitória,Goleiro,2.0,0.0,0.0,0
Lucas Arcanjo,Vitória,Goleiro,8.99,4.68,2.24,21
Thiago Couto,Vitória,Goleiro,3.0,0.0,0.0,0
Claudinho,Vitória,Lateral,4.89,2.14,0.0,12
Jamerson,Vitória,Lateral,7.87,5.15,0.0,12
Maykon,Vitória,Lateral,4.06,3.35,0.0,7
Paulo Roberto,Vitória,Lateral,4.67,9.8,3.67,1
Ramon,Vitória,Lateral,6.36,3.31,0.57,9
Raúl Cáceres,Vitória,Lateral,3.09,2.75,0.0,8
Baralhas,Vitória,Meia,6.57,3.88,-0.67,16
Dudu,Vitória,Meia,2.0,0.0,0.0,0
Edenílson,Vitória,Meia,1.0,0.0,0.0,0
Felipe Cardoso,Vitória,Meia,2.21,0.97,0.0,3
Lucas Lohan,Vitória,Meia,1.0,0.0,0.0,0
Matheuzinho,Vitória,Meia,9.4,4.32,-1.13,14
Pepê,Vitória,Meia,5.71,2.66,0.0,11
Ricardo Ryller,Vitória,Meia,2.69,1.3,0.0,16
Ronald Lopes,Vitória,Meia,3.86,2.71,-0.4,19
Rúben Ismael,Vitória,Meia,4.56,0.0,0.0,1
Rúben Rodrigues,Vitória,Meia,4.53,1.18,0.0,4
Val Soares,Vitória,Meia,3.0,0.0,0.0,0
Wanderson Papaterra,Vitória,Meia,2.0,0.0,0.0,0
Willian Oliveira,Vitória,Meia,4.51,2.77,0.01,10
Rodrigo Chagas,Vitória,Técnico,10.64,8.72,2.54,1
Andrei,Vitória,Zagueiro,1.0,0.0,0.0,0
Bruno Uvini,Vitória,Zagueiro,4.0,0.0,0.0,0
Camutanga,Vitória,Zagueiro,5.67,5.4,1.67,1
Edu,Vitória,Zagueiro,5.36,3.62,0.8,13
Kauan,Vitória,Zagueiro,1.0,0.0,0.0,0
Lucas Halter,Vitória,Zagueiro,4.6,2.78,0.44,20
Neris,Vitória,Zagueiro,2.13,-0.85,0.0,4
Zé Marcos,Vitória,Zagueiro,3.07,1.75,0.0,17
